Author,Message,Timestamp
ropf,"Hello, BDSA students!",1690891760
rnie,"Welcome to the course!",1690978778
rnie,"I hope you had a good summer.",1690979858
ropf,"Cheeping cheeps on Chirp :)",1690981487
bdamunix123,"hello",1694509442
atilaarianpour,"wowow",1694516073
bdamunix123,"hello There",1694900226
bdamunix123,"bing",1695112250
bdamunix123,"bing chilling",1695112356
bdamunix123,"hello there",1695199205
bdamunix123,"Hello World!",1695199873
bdamunix123,"Hello World!",1695199999
bdamunix123,"Hello World!",1695204842
bdamunix123,"Hello World!",1695211561
bdamunix123,"Hello World!",1695212136
bdamunix123,"Hello World!",1695299769
YourAuthor,ERRUDUMELLAVAD,1695112356
YourAuthor,ERRUDUMELLAVAD,1695112356
YourAuthor,ERRUDUMELLAVAD,1695112356
YourAuthor,ERRUDUMELLAVAD,1695112356
YourAuthor,ERRUDUMELLAVAD,1695112356
KarlGustavLoehr,ERRUDUMELLAVAD,1696451874
KarlGustavLoehr,ERRUDUMELLAVAD,1696451883
KarlGustavLoehr,ERRUDUMELLAVAD,1696451885